index,1,2,3
(1,),-1.000000000000073,0.2425356250359245,0.0
(2,),0.0,0.9701425001468117,-1.000000000026019
